object_key,course_id,course_title,type,path,name,depth,status,source_status,enabled,aliases,keywords,priority,inherit,notes
course-1:77e8b4264bcb83de,course-1,Курс 1,folder,1 course/1 Семестр,1 Семестр,1,priority,active,TRUE,,,0,TRUE,
course-1:106c97916f6cbeec,course-1,Курс 1,folder,1 course/2 Семестр,2 Семестр,1,priority,active,TRUE,,,0,TRUE,
course-1:3a51a718f40c35c9,course-1,Курс 1,folder,1 course/1 Семестр/Аналитическая геометрия,Аналитическая геометрия,2,priority,active,TRUE,,,0,TRUE,
course-1:64073de5e82f10ad,course-1,Курс 1,folder,1 course/1 Семестр/Английский,Английский,2,priority,active,TRUE,,,0,TRUE,
course-1:21e907daa86424b2,course-1,Курс 1,folder,1 course/1 Семестр/Информатика,Информатика,2,priority,active,TRUE,,,0,TRUE,
course-1:09c5656ffd7f02be,course-1,Курс 1,folder,1 course/1 Семестр/Математический анализ,Математический анализ,2,priority,active,TRUE,,,0,TRUE,
course-1:666495c21f8fd25f,course-1,Курс 1,folder,1 course/1 Семестр/Начертательная геометрия,Начертательная геометрия,2,priority,active,TRUE,,,0,TRUE,
course-1:97ec6c4cf3c95bed,course-1,Курс 1,folder,1 course/1 Семестр/Основы программирования 2025,Основы программирования 2025,2,priority,active,TRUE,,,0,TRUE,
course-1:50434038c3c7ec8b,course-1,Курс 1,folder,1 course/1 Семестр/Социология(2022),Социология(2022),2,priority,active,TRUE,,,0,TRUE,
course-1:d30eed71958c44fc,course-1,Курс 1,folder,1 course/1 Семестр/УТП ИУ5,УТП ИУ5,2,priority,active,TRUE,,,0,TRUE,
course-1:4e707b79bf1cd7ba,course-1,Курс 1,folder,1 course/2 Семестр/Инженерная графика,Инженерная графика,2,priority,active,TRUE,,,0,TRUE,
course-1:9e0514d87dd5b452,course-1,Курс 1,folder,1 course/2 Семестр/Интегралы и Дифференциальные уравнения,Интегралы и Дифференциальные уравнения,2,priority,active,TRUE,,,0,TRUE,
course-1:5aac5cf57bf39d67,course-1,Курс 1,folder,1 course/2 Семестр/ЛАиФНП,ЛАиФНП,2,priority,active,TRUE,,,0,TRUE,
course-1:0b4227d4a638c886,course-1,Курс 1,folder,1 course/2 Семестр/Программирование на основе классов и шаблонов,Программирование на основе классов и шаблонов,2,priority,active,TRUE,,,0,TRUE,
course-1:ed6a409b975e3830,course-1,Курс 1,folder,1 course/2 Семестр/Физика,Физика,2,priority,active,TRUE,,,0,TRUE,
course-1:1e66f81c098f4ca9,course-1,Курс 1,folder,1 course/1 Семестр/Аналитическая геометрия/ДЗ,ДЗ,3,priority,active,TRUE,,,0,TRUE,
course-1:0dfd92c3b6bb9b78,course-1,Курс 1,folder,1 course/1 Семестр/Аналитическая геометрия/Лекции,Лекции,3,priority,active,TRUE,,,0,TRUE,
course-1:f6cf2107d968f0f7,course-1,Курс 1,folder,1 course/1 Семестр/Аналитическая геометрия/РК,РК,3,priority,active,TRUE,,,0,TRUE,
course-1:14c51b6aabbc1288,course-1,Курс 1,folder,1 course/1 Семестр/Английский/РК2,РК2,3,priority,active,TRUE,,,0,TRUE,
course-1:470db35b359911fd,course-1,Курс 1,folder,1 course/1 Семестр/Английский/РК3,РК3,3,priority,active,TRUE,,,0,TRUE,
course-1:1f6e8fd997ed7389,course-1,Курс 1,folder,1 course/1 Семестр/Информатика/Лекции,Лекции,3,priority,active,TRUE,,,0,TRUE,
course-1:86ed6f382cac2276,course-1,Курс 1,folder,1 course/1 Семестр/Математический анализ/ДЗ,ДЗ,3,priority,active,TRUE,,,0,TRUE,
course-1:2a048f4d392dbcc5,course-1,Курс 1,folder,1 course/1 Семестр/Математический анализ/КР,КР,3,priority,active,TRUE,,,0,TRUE,
course-1:349252e9453dda3b,course-1,Курс 1,folder,1 course/1 Семестр/Математический анализ/Лекции,Лекции,3,priority,active,TRUE,,,0,TRUE,
course-1:0a1ad1604b431fc7,course-1,Курс 1,folder,1 course/1 Семестр/Математический анализ/РК,РК,3,priority,active,TRUE,,,0,TRUE,
course-1:86c45953cafce0b5,course-1,Курс 1,folder,1 course/1 Семестр/Математический анализ/Учебники,Учебники,3,priority,active,TRUE,,,0,TRUE,
course-1:c3bc63bed82a60d9,course-1,Курс 1,folder,1 course/1 Семестр/Математический анализ/Экзамен,Экзамен,3,priority,active,TRUE,,,0,TRUE,
course-1:1cd5c6a93405791f,course-1,Курс 1,folder,1 course/1 Семестр/Начертательная геометрия/ДЗ,ДЗ,3,priority,active,TRUE,,,0,TRUE,
course-1:eae9e6f2db92e9b3,course-1,Курс 1,folder,1 course/1 Семестр/Начертательная геометрия/Лекции,Лекции,3,priority,active,TRUE,,,0,TRUE,
course-1:8833b93df540f0ac,course-1,Курс 1,folder,1 course/1 Семестр/Начертательная геометрия/Методички,Методички,3,priority,active,TRUE,,,0,TRUE,
course-1:43422f9d2da7d4c1,course-1,Курс 1,folder,1 course/1 Семестр/Начертательная геометрия/Рабочая тетрадь,Рабочая тетрадь,3,priority,active,TRUE,,,0,TRUE,
course-1:1b4323b9b281a939,course-1,Курс 1,folder,1 course/1 Семестр/Начертательная геометрия/РК,РК,3,priority,active,TRUE,,,0,TRUE,
course-1:a58c899969d56f3e,course-1,Курс 1,folder,1 course/1 Семестр/Начертательная геометрия/Экзамен,Экзамен,3,priority,active,TRUE,,,0,TRUE,
course-1:fe82eb717e5f3542,course-1,Курс 1,folder,1 course/1 Семестр/Основы программирования 2025/Лекции,Лекции,3,priority,active,TRUE,,,0,TRUE,
course-1:66fefd6dc2cf847a,course-1,Курс 1,folder,1 course/1 Семестр/Основы программирования 2025/Отчеты ЛР,Отчеты ЛР,3,priority,active,TRUE,,,0,TRUE,
course-1:3a8909a991fbf1a5,course-1,Курс 1,folder,1 course/1 Семестр/Основы программирования 2025/Отчеты Семинары,Отчеты Семинары,3,priority,active,TRUE,,,0,TRUE,
course-1:b3f9f7d3f62c3500,course-1,Курс 1,folder,1 course/1 Семестр/Социология(2022)/ДЗ,ДЗ,3,priority,active,TRUE,,,0,TRUE,
course-1:ffcba62d8acc8577,course-1,Курс 1,folder,1 course/1 Семестр/Социология(2022)/Проекты (1 модуль),Проекты (1 модуль),3,priority,active,TRUE,,,0,TRUE,
course-1:f6199a0c445035d5,course-1,Курс 1,folder,1 course/2 Семестр/Инженерная графика/ДЗ-1,ДЗ-1,3,priority,active,TRUE,,,0,TRUE,
course-1:a8f5426d67f592c8,course-1,Курс 1,folder,1 course/2 Семестр/Инженерная графика/ДЗ-2,ДЗ-2,3,priority,active,TRUE,,,0,TRUE,
course-1:72c0970bf4fc407f,course-1,Курс 1,folder,1 course/2 Семестр/Инженерная графика/ДЗ-3,ДЗ-3,3,priority,active,TRUE,,,0,TRUE,
course-1:ef565708d9893d01,course-1,Курс 1,folder,1 course/2 Семестр/Инженерная графика/RK1,RK1,3,priority,active,TRUE,,,0,TRUE,
course-1:c226f04869d39388,course-1,Курс 1,folder,1 course/2 Семестр/Интегралы и Дифференциальные уравнения/КР,КР,3,priority,active,TRUE,,,0,TRUE,
course-1:ec6c7ca35b887e59,course-1,Курс 1,folder,1 course/2 Семестр/Интегралы и Дифференциальные уравнения/Лекции,Лекции,3,priority,active,TRUE,,,0,TRUE,
course-1:6edb1ba8c3f89703,course-1,Курс 1,folder,1 course/2 Семестр/Интегралы и Дифференциальные уравнения/РК,РК,3,priority,active,TRUE,,,0,TRUE,
course-1:39e142f915ed825b,course-1,Курс 1,folder,1 course/2 Семестр/Интегралы и Дифференциальные уравнения/Экзамен,Экзамен,3,priority,active,TRUE,,,0,TRUE,
course-1:faa83b046122a3af,course-1,Курс 1,folder,1 course/2 Семестр/ЛАиФНП/КР,КР,3,priority,active,TRUE,,,0,TRUE,
course-1:092f6f3e87739087,course-1,Курс 1,folder,1 course/2 Семестр/ЛАиФНП/Лекции,Лекции,3,priority,active,TRUE,,,0,TRUE,
course-1:cc3aac4d7262e25a,course-1,Курс 1,folder,1 course/2 Семестр/ЛАиФНП/РК1,РК1,3,priority,active,TRUE,,,0,TRUE,
course-1:b181ef3117eb4bdf,course-1,Курс 1,folder,1 course/2 Семестр/ЛАиФНП/РК2,РК2,3,priority,active,TRUE,,,0,TRUE,
course-1:9f6fece0ddc60f95,course-1,Курс 1,folder,1 course/2 Семестр/Программирование на основе классов и шаблонов/Лекции,Лекции,3,priority,active,TRUE,,,0,TRUE,
course-1:b424d30019aaaad2,course-1,Курс 1,folder,1 course/2 Семестр/Программирование на основе классов и шаблонов/Семинары,Семинары,3,priority,active,TRUE,,,0,TRUE,
course-1:d092dcf48808cb60,course-1,Курс 1,folder,1 course/2 Семестр/Физика/ДЗ(Вар14),ДЗ(Вар14),3,priority,active,TRUE,,,0,TRUE,
course-1:d1e4e134556bae7d,course-1,Курс 1,folder,1 course/2 Семестр/Физика/Лекции,Лекции,3,priority,active,TRUE,,,0,TRUE,
course-1:8144da8c5e61f06b,course-1,Курс 1,folder,1 course/2 Семестр/Физика/ЛР,ЛР,3,priority,active,TRUE,,,0,TRUE,
course-1:334b1ce86e61f6be,course-1,Курс 1,folder,1 course/2 Семестр/Физика/РК,РК,3,priority,active,TRUE,,,0,TRUE,
course-1:5df43a1c75b09f7b,course-1,Курс 1,folder,1 course/2 Семестр/Физика/Учебники,Учебники,3,priority,active,TRUE,,,0,TRUE,
course-1:7f61bebe94b3667a,course-1,Курс 1,folder,1 course/2 Семестр/Физика/Экзамен,Экзамен,3,priority,active,TRUE,,,0,TRUE,
course-2:7e774590905c0543,course-2,Курс 2,folder,2 course/3 sem,3 sem,1,priority,active,TRUE,,,0,TRUE,
course-2:f060ea570b474e0c,course-2,Курс 2,folder,2 course/4 sem,4 sem,1,priority,active,TRUE,,,0,TRUE,
course-2:6c8020f7e7a2605f,course-2,Курс 2,folder,2 course/3 sem/Архитектура АСОИУ,Архитектура АСОИУ,2,priority,active,TRUE,,,0,TRUE,
course-2:a5e3afbeeb522cb7,course-2,Курс 2,folder,2 course/3 sem/Модели данных,Модели данных,2,priority,active,TRUE,,,0,TRUE,
course-2:f58dc2670377f312,course-2,Курс 2,folder,2 course/3 sem/Парадигмы и конструкции языков программирования,Парадигмы и конструкции языков программирования,2,priority,active,TRUE,,,0,TRUE,
course-2:ec115054b38f7253,course-2,Курс 2,folder,2 course/3 sem/Правоведение,Правоведение,2,priority,active,TRUE,,,0,TRUE,
course-2:96b753c3da92cc14,course-2,Курс 2,folder,2 course/3 sem/Теория вероятностей и математическая статистика,Теория вероятностей и математическая статистика,2,priority,active,TRUE,,,0,TRUE,
course-2:b81be4463294004f,course-2,Курс 2,folder,2 course/3 sem/Физика,Физика,2,priority,active,TRUE,,,0,TRUE,
course-2:cb4695b8a9217ee0,course-2,Курс 2,folder,2 course/3 sem/Экология,Экология,2,priority,active,TRUE,,,0,TRUE,
course-2:ab4ae98a09602820,course-2,Курс 2,folder,2 course/3 sem/Электротехника,Электротехника,2,priority,active,TRUE,,,0,TRUE,
course-2:cee6fefbc75d06aa,course-2,Курс 2,folder,2 course/4 sem/Английский язык,Английский язык,2,priority,active,TRUE,,,0,TRUE,
course-2:93fb2c43f952491b,course-2,Курс 2,folder,2 course/4 sem/Базы данных,Базы данных,2,priority,active,TRUE,,,0,TRUE,
course-2:7d226a9a83137b1b,course-2,Курс 2,folder,2 course/4 sem/Дискретная математика,Дискретная математика,2,priority,active,TRUE,,,0,TRUE,
course-2:b5e1e0bb068948e9,course-2,Курс 2,folder,2 course/4 sem/Политология,Политология,2,priority,active,TRUE,,,0,TRUE,
course-2:edd4fe22ef4e1f42,course-2,Курс 2,folder,2 course/4 sem/Системное программирование,Системное программирование,2,priority,active,TRUE,,,0,TRUE,
course-2:e0003d059dd655d0,course-2,Курс 2,folder,2 course/4 sem/Схемотехника,Схемотехника,2,priority,active,TRUE,,,0,TRUE,
course-2:33a885e424cc89a3,course-2,Курс 2,folder,2 course/4 sem/Электроника,Электроника,2,priority,active,TRUE,,,0,TRUE,
course-2:37c54e368562e021,course-2,Курс 2,folder,2 course/4 sem/XML,XML,2,priority,active,TRUE,,,0,TRUE,
course-2:60c1f38e1fedb978,course-2,Курс 2,folder,2 course/3 sem/Архитектура АСОИУ/Аннотации,Аннотации,3,priority,active,TRUE,,,0,TRUE,
course-2:faadca431ab9a178,course-2,Курс 2,folder,2 course/3 sem/Архитектура АСОИУ/Бардак,Бардак,3,priority,active,TRUE,,,0,TRUE,
course-2:8aa82528517e41db,course-2,Курс 2,folder,2 course/3 sem/Архитектура АСОИУ/Итоговая  аттестация  поток ИУ5  2023 год  отправлено  18.12.23,Итоговая  аттестация  поток ИУ5  2023 год  отправлено  18.12.23,3,priority,active,TRUE,,,0,TRUE,
course-2:d9d2011b392c75ff,course-2,Курс 2,folder,2 course/3 sem/Архитектура АСОИУ/КВ,КВ,3,priority,active,TRUE,,,0,TRUE,
course-2:0ac7e6fea2e34f6c,course-2,Курс 2,folder,"2 course/3 sem/Архитектура АСОИУ/КГ, ДЗ, МУ","КГ, ДЗ, МУ",3,priority,active,TRUE,,,0,TRUE,
course-2:1a6523328fef958a,course-2,Курс 2,folder,"2 course/3 sem/Архитектура АСОИУ/Курсовая работа для гр. ИУ5-32,33  отправлено  02.09.23","Курсовая работа для гр. ИУ5-32,33  отправлено  02.09.23",3,priority,active,TRUE,,,0,TRUE,
course-2:0a45e41eae3645a4,course-2,Курс 2,folder,2 course/3 sem/Архитектура АСОИУ/Курсовые,Курсовые,3,priority,active,TRUE,,,0,TRUE,
course-2:e4e3d524b7d5b6ad,course-2,Курс 2,folder,2 course/3 sem/Архитектура АСОИУ/Лекции,Лекции,3,priority,active,TRUE,,,0,TRUE,
course-2:5f0f4b6bed36bf95,course-2,Курс 2,folder,2 course/3 sem/Архитектура АСОИУ/Раздел Б ИУ5-33Б,Раздел Б ИУ5-33Б,3,priority,active,TRUE,,,0,TRUE,
course-2:76b0e3c9045a7563,course-2,Курс 2,folder,2 course/3 sem/Архитектура АСОИУ/Экзамен,Экзамен,3,priority,active,TRUE,,,0,TRUE,
course-2:db61ac8a700e8755,course-2,Курс 2,folder,2 course/3 sem/Модели данных/Власов,Власов,3,priority,active,TRUE,,,0,TRUE,
course-2:708a5575f1dd0096,course-2,Курс 2,folder,2 course/3 sem/Модели данных/Лекции,Лекции,3,priority,active,TRUE,,,0,TRUE,
course-2:a4d09ccdda315275,course-2,Курс 2,folder,2 course/3 sem/Модели данных/Предметные области,Предметные области,3,priority,active,TRUE,,,0,TRUE,
course-2:2d54e04a22283af0,course-2,Курс 2,folder,2 course/3 sem/Модели данных/Erwin,Erwin,3,priority,active,TRUE,,,0,TRUE,
course-2:445a270e2f50c1b6,course-2,Курс 2,folder,2 course/3 sem/Парадигмы и конструкции языков программирования/Лекции,Лекции,3,priority,active,TRUE,,,0,TRUE,
course-2:828159c37d71ad99,course-2,Курс 2,folder,2 course/3 sem/Парадигмы и конструкции языков программирования/Vlasov,Vlasov,3,priority,active,TRUE,,,0,TRUE,
course-2:44b028579c08d7cb,course-2,Курс 2,folder,2 course/3 sem/Парадигмы и конструкции языков программирования/Yuvenskiy,Yuvenskiy,3,priority,active,TRUE,,,0,TRUE,
course-2:c344d27fff0a92cb,course-2,Курс 2,folder,2 course/3 sem/Правоведение/Лекции,Лекции,3,priority,active,TRUE,,,0,TRUE,
course-2:8c9e9b0dc641f360,course-2,Курс 2,folder,2 course/3 sem/Правоведение/РК,РК,3,priority,active,TRUE,,,0,TRUE,
course-2:a211dbd934b7abce,course-2,Курс 2,folder,2 course/3 sem/Правоведение/Семинары,Семинары,3,priority,active,TRUE,,,0,TRUE,
course-2:93b90300f8a6a79b,course-2,Курс 2,folder,2 course/3 sem/Теория вероятностей и математическая статистика/ДЗ,ДЗ,3,priority,active,TRUE,,,0,TRUE,
course-2:d2beccf83668a2fd,course-2,Курс 2,folder,2 course/3 sem/Теория вероятностей и математическая статистика/Лекции,Лекции,3,priority,active,TRUE,,,0,TRUE,
course-2:9f9c8e5f47fd86f2,course-2,Курс 2,folder,2 course/3 sem/Теория вероятностей и математическая статистика/РК,РК,3,priority,active,TRUE,,,0,TRUE,
course-2:a53ede741f421aa1,course-2,Курс 2,folder,2 course/3 sem/Теория вероятностей и математическая статистика/Учебники,Учебники,3,priority,active,TRUE,,,0,TRUE,
course-2:2cc06284a1476eae,course-2,Курс 2,folder,2 course/3 sem/Теория вероятностей и математическая статистика/Экзамен,Экзамен,3,priority,active,TRUE,,,0,TRUE,
course-2:9ac783f82713f710,course-2,Курс 2,folder,2 course/3 sem/Физика/ДЗ,ДЗ,3,priority,active,TRUE,,,0,TRUE,
course-2:267e955d982a6bc6,course-2,Курс 2,folder,2 course/3 sem/Физика/Лабы,Лабы,3,priority,active,TRUE,,,0,TRUE,
course-2:33d52c695513942e,course-2,Курс 2,folder,2 course/3 sem/Физика/Лекции,Лекции,3,priority,active,TRUE,,,0,TRUE,
course-2:1dcf4b9a30178a32,course-2,Курс 2,folder,2 course/3 sem/Физика/РК,РК,3,priority,active,TRUE,,,0,TRUE,
course-2:fe059e3c5c18c62a,course-2,Курс 2,folder,2 course/3 sem/Физика/Экзамен,Экзамен,3,priority,active,TRUE,,,0,TRUE,
course-2:323d2c9decd55655,course-2,Курс 2,folder,2 course/3 sem/Экология/Доклады,Доклады,3,priority,active,TRUE,,,0,TRUE,
course-2:790fbe9c1aca5f46,course-2,Курс 2,folder,2 course/3 sem/Экология/лекции,лекции,3,priority,active,TRUE,,,0,TRUE,
course-2:4095f0ae8648673a,course-2,Курс 2,folder,2 course/3 sem/Экология/РК,РК,3,priority,active,TRUE,,,0,TRUE,
course-2:499cf7b6a7009e35,course-2,Курс 2,folder,2 course/3 sem/Электротехника/Билеты,Билеты,3,priority,active,TRUE,,,0,TRUE,
course-2:60711e92cad5e2b9,course-2,Курс 2,folder,2 course/3 sem/Электротехника/Дз,Дз,3,priority,active,TRUE,,,0,TRUE,
course-2:5daf9d1d002474e1,course-2,Курс 2,folder,2 course/3 sem/Электротехника/Лабы,Лабы,3,priority,active,TRUE,,,0,TRUE,
course-2:4d323f9d8d2ec4f1,course-2,Курс 2,folder,2 course/3 sem/Электротехника/Экзамен,Экзамен,3,priority,active,TRUE,,,0,TRUE,
course-2:2cf185fec25c5d5c,course-2,Курс 2,folder,2 course/4 sem/Базы данных/Курсач,Курсач,3,priority,active,TRUE,,,0,TRUE,
course-2:3cc9ba91571e5060,course-2,Курс 2,folder,2 course/4 sem/Базы данных/Отчёты,Отчёты,3,priority,active,TRUE,,,0,TRUE,
course-2:e8051d41c718a605,course-2,Курс 2,folder,2 course/4 sem/Дискретная математика/Всякое,Всякое,3,priority,active,TRUE,,,0,TRUE,
course-2:286b5bffbcdb2eae,course-2,Курс 2,folder,2 course/4 sem/Дискретная математика/ДЗ,ДЗ,3,priority,active,TRUE,,,0,TRUE,
course-2:09aaf820d404b2ee,course-2,Курс 2,folder,2 course/4 sem/Дискретная математика/Книги,Книги,3,priority,active,TRUE,,,0,TRUE,
course-2:9b28c2b4c981fa1e,course-2,Курс 2,folder,2 course/4 sem/Дискретная математика/РК,РК,3,priority,active,TRUE,,,0,TRUE,
course-2:a9022e601dcec5cb,course-2,Курс 2,folder,2 course/4 sem/Дискретная математика/Семинары,Семинары,3,priority,active,TRUE,,,0,TRUE,
course-2:66d3fa5233a38255,course-2,Курс 2,folder,2 course/4 sem/Политология/ДЗ,ДЗ,3,priority,active,TRUE,,,0,TRUE,
course-2:74eed069d16c8625,course-2,Курс 2,folder,2 course/4 sem/Политология/Лекции,Лекции,3,priority,active,TRUE,,,0,TRUE,
course-2:bf876ee27b97716f,course-2,Курс 2,folder,2 course/4 sem/Политология/РК,РК,3,priority,active,TRUE,,,0,TRUE,
course-2:953cf27ce6d5bd3b,course-2,Курс 2,folder,2 course/4 sem/Политология/Семинары,Семинары,3,priority,active,TRUE,,,0,TRUE,
course-2:e410b5243de0b591,course-2,Курс 2,folder,2 course/4 sem/Системное программирование/Лабы,Лабы,3,priority,active,TRUE,,,0,TRUE,
course-2:95fa2700e9063491,course-2,Курс 2,folder,2 course/4 sem/Системное программирование/РК,РК,3,priority,active,TRUE,,,0,TRUE,
course-2:aa9cb9bc7df990ae,course-2,Курс 2,folder,2 course/4 sem/Системное программирование/ТЗ КР,ТЗ КР,3,priority,active,TRUE,,,0,TRUE,
course-2:2b05e22b38abb6c6,course-2,Курс 2,folder,2 course/4 sem/Схемотехника/Дз,Дз,3,priority,active,TRUE,,,0,TRUE,
course-2:b7635aba7ac1c964,course-2,Курс 2,folder,2 course/4 sem/Схемотехника/Лабы,Лабы,3,priority,active,TRUE,,,0,TRUE,
course-2:4a872526a8f4795f,course-2,Курс 2,folder,2 course/4 sem/Схемотехника/РК,РК,3,priority,active,TRUE,,,0,TRUE,
course-2:0c98762a876dc469,course-2,Курс 2,folder,2 course/4 sem/Схемотехника/свалка дедов,свалка дедов,3,priority,active,TRUE,,,0,TRUE,
course-2:9c30681fc02e6615,course-2,Курс 2,folder,2 course/4 sem/Схемотехника/Экзамен,Экзамен,3,priority,active,TRUE,,,0,TRUE,
course-2:76e3fa9c285d0341,course-2,Курс 2,folder,2 course/4 sem/Электроника/дз,дз,3,priority,active,TRUE,,,0,TRUE,
course-2:3b96da2152fbe5d2,course-2,Курс 2,folder,2 course/4 sem/Электроника/лаб1,лаб1,3,priority,active,TRUE,,,0,TRUE,
course-2:3c41193f70138c1d,course-2,Курс 2,folder,2 course/4 sem/Электроника/лаб2,лаб2,3,priority,active,TRUE,,,0,TRUE,
course-2:186b6d27bc1aa858,course-2,Курс 2,folder,2 course/4 sem/Электроника/лаб3,лаб3,3,priority,active,TRUE,,,0,TRUE,
course-2:04683b4f232beb79,course-2,Курс 2,folder,2 course/4 sem/Электроника/лаб4,лаб4,3,priority,active,TRUE,,,0,TRUE,
course-2:7851aeef01bd6913,course-2,Курс 2,folder,2 course/4 sem/Электроника/лекции от старшекурсников,лекции от старшекурсников,3,priority,active,TRUE,,,0,TRUE,
course-2:cc7a163fb508bdc7,course-2,Курс 2,folder,2 course/4 sem/Электроника/рк,рк,3,priority,active,TRUE,,,0,TRUE,
course-2:23d9db47182692f2,course-2,Курс 2,folder,2 course/4 sem/Электроника/экзамен,экзамен,3,priority,active,TRUE,,,0,TRUE,
course-2:9a13bbd9069ebe75,course-2,Курс 2,folder,2 course/4 sem/XML/Лабы 2023-2024 год,Лабы 2023-2024 год,3,priority,active,TRUE,,,0,TRUE,
